{
  "best model": "HistGradientBoostingClassifier",
  "parameters": {
    "learning_rate": 0.1,
    "max_depth": 9,
    "min_samples_leaf": 150
  },
  "metrics": {
    "accuracy": 0.8993333333333333,
    "f1": 0.788020589611605,
    "precision": 0.881675392670157,
    "roc_auc": 0.9257454850688803
  }
}