{
  "DummyClassifer": {
    "accuracy": 0.6153333333333333,
    "f1": 0.2668360864040661,
    "precision": 0.26717557251908397,
    "roc_auc": 0.5091463881061002
  },
  "LogisticRegress": {
    "accuracy": 0.8162222222222222,
    "f1": 0.5717244950802693,
    "precision": 0.7369826435246996,
    "roc_auc": 0.8008904412072182
  },
  "DecisionTree": {
    "accuracy": 0.8311111111111111,
    "f1": 0.6184738955823293,
    "precision": 0.7604938271604939,
    "roc_auc": 0.8480817598516628
  },
  "RandomForest": {
    "accuracy": 0.8337777777777777,
    "f1": 0.7173091458805745,
    "precision": 0.648224043715847,
    "roc_auc": 0.8877022119006313
  },
  "HistBoost": {
    "accuracy": 0.8993333333333333,
    "f1": 0.788020589611605,
    "precision": 0.881675392670157,
    "roc_auc": 0.9257454850688803
  },
  "Stacking": {
    "accuracy": 0.8477777777777777,
    "f1": 0.6788560712611346,
    "precision": 0.7613038906414301,
    "roc_auc": 0.86875260717065
  }
}