value,count,share
dishes,2,0.2857142857142857
office,2,0.2857142857142857
kitchen,1,0.14285714285714285
decor,1,0.14285714285714285
bathroom,1,0.14285714285714285
