,user_id,purchse,cost
user_id,1.0,,-0.32584410075072645
purchse,,,
cost,-0.32584410075072645,,1.0
